eval_step,eval/reward_total
4,0.2802734375
9,0.29296875
14,0.3330078125
19,0.3564453125
24,0.392578125
29,0.373046875
34,0.3994140625
39,0.458984375
44,0.4287109375
49,0.4326171875
54,0.4306640625
59,0.388671875
64,0.37109375
69,0
74,0